Id,UserId,ProjectId,Value
1,1,1,value1_1
2,2,1,value1_2
3,3,1,value1_3
4,4,1,value1_4
5,5,1,value1_5
6,6,1,value1_6
7,7,1,value1_7
8,8,1,value1_8
9,9,1,value1_9
10,10,1,value1_10
11,11,1,value1_11
12,12,1,value1_12
13,13,1,value1_13
14,14,1,value1_14
15,15,1,value1_15
16,16,1,value1_16
17,17,1,value1_17
18,18,1,value1_18
19,19,1,value1_19
20,20,1,value1_20
21,21,1,value1_21
22,22,1,value1_22
23,23,1,value1_23
24,24,1,value1_24
25,25,1,value1_25
26,26,1,value1_26
27,27,1,value1_27
28,28,1,value1_28
29,29,1,value1_29
30,30,1,value1_30
31,31,1,value1_31
32,32,1,value1_32
33,33,1,value1_33
34,34,1,value1_34
35,35,1,value1_35
36,36,1,value1_36
37,37,1,value1_37
38,38,1,value1_38
39,39,1,value1_39
40,40,1,value1_40
41,41,1,value1_41
42,42,1,value1_42
43,43,1,value1_43
44,44,1,value1_44
45,45,1,value1_45
46,46,1,value1_46
47,47,1,value1_47
48,48,1,value1_48
49,49,1,value1_49
50,50,1,value1_50
51,51,1,value1_51
52,52,1,value1_52
53,53,1,value1_53
54,54,1,value1_54
55,55,1,value1_55
56,56,1,value1_56
57,57,1,value1_57
58,58,1,value1_58
59,59,1,value1_59
60,60,1,value1_60
61,61,1,value1_61
62,62,1,value1_62
63,63,1,value1_63
64,64,1,value1_64
65,65,1,value1_65
66,66,1,value1_66
67,67,1,value1_67
68,68,1,value1_68
69,69,1,value1_69
70,70,1,value1_70
71,71,1,value1_71
72,72,1,value1_72
73,73,1,value1_73
74,74,1,value1_74
75,75,1,value1_75
76,76,1,value1_76
77,77,1,value1_77
78,78,1,value1_78
79,79,1,value1_79
80,80,1,value1_80
81,81,1,value1_81
82,82,1,value1_82
83,83,1,value1_83
84,84,1,value1_84
85,85,1,value1_85
86,86,1,value1_86
87,87,1,value1_87
88,88,1,value1_88
89,89,1,value1_89
90,90,1,value1_90
91,91,1,value1_91
92,92,1,value1_92
93,93,1,value1_93
94,94,1,value1_94
95,95,1,value1_95
96,96,1,value1_96
97,97,1,value1_97
98,98,1,value1_98
99,99,1,value1_99
100,100,1,value1_100
101,101,1,value1_101
102,102,1,value1_102
103,103,1,value1_103
104,104,1,value1_104
105,105,1,value1_105
106,106,1,value1_106
107,107,1,value1_107
108,108,1,value1_108
109,109,1,value1_109
110,110,1,value1_110
111,111,1,value1_111
112,112,1,value1_112
113,113,1,value1_113
114,114,1,value1_114
115,115,1,value1_115
116,116,1,value1_116
117,117,1,value1_117
118,118,1,value1_118
119,119,1,value1_119
120,120,1,value1_120
121,121,1,value1_121
122,122,1,value1_122
123,123,1,value1_123
124,124,1,value1_124
125,125,1,value1_125
126,126,1,value1_126
127,127,1,value1_127
128,128,1,value1_128
129,129,1,value1_129
130,130,1,value1_130
131,131,1,value1_131
132,132,1,value1_132
133,133,1,value1_133
134,134,1,value1_134
135,135,1,value1_135
136,136,1,value1_136
137,137,1,value1_137
138,138,1,value1_138
139,139,1,value1_139
140,140,1,value1_140
141,141,1,value1_141
142,142,1,value1_142
143,143,1,value1_143
144,144,1,value1_144
145,145,1,value1_145
146,146,1,value1_146
147,147,1,value1_147
148,148,1,value1_148
149,149,1,value1_149
150,150,1,value1_150
151,151,1,value1_151
152,152,1,value1_152
153,153,1,value1_153
154,154,1,value1_154
155,155,1,value1_155
156,156,1,value1_156
157,157,1,value1_157
158,158,1,value1_158
159,159,1,value1_159
160,160,1,value1_160
161,161,1,value1_161
162,162,1,value1_162
163,163,1,value1_163
164,164,1,value1_164
165,165,1,value1_165
166,166,1,value1_166
167,167,1,value1_167
168,168,1,value1_168
169,169,1,value1_169
170,170,1,value1_170
171,171,1,value1_171
172,172,1,value1_172
173,173,1,value1_173
174,174,1,value1_174
175,175,1,value1_175
176,176,1,value1_176
177,177,1,value1_177
178,178,1,value1_178
179,179,1,value1_179
180,180,1,value1_180
181,181,1,value1_181
182,182,1,value1_182
183,183,1,value1_183
184,184,1,value1_184
185,185,1,value1_185
186,186,1,value1_186
187,187,1,value1_187
188,188,1,value1_188
189,189,1,value1_189
190,190,1,value1_190
191,191,1,value1_191
192,192,1,value1_192
193,193,1,value1_193
194,194,1,value1_194
195,195,1,value1_195
196,196,1,value1_196
197,197,1,value1_197
198,198,1,value1_198
199,199,1,value1_199
200,200,1,value1_200
201,201,1,value1_201
202,202,1,value1_202
203,203,1,value1_203
204,204,1,value1_204
205,205,1,value1_205
206,206,1,value1_206
207,207,1,value1_207
208,208,1,value1_208
209,209,1,value1_209
210,210,1,value1_210
211,211,1,value1_211
212,212,1,value1_212
213,213,1,value1_213
214,214,1,value1_214
215,215,1,value1_215
216,216,1,value1_216
217,217,1,value1_217
218,218,1,value1_218
219,219,1,value1_219
220,220,1,value1_220
221,221,1,value1_221
222,222,1,value1_222
223,223,1,value1_223
224,224,1,value1_224
225,225,1,value1_225
226,226,1,value1_226
227,227,1,value1_227
228,228,1,value1_228
229,229,1,value1_229
230,230,1,value1_230
231,231,1,value1_231
232,232,1,value1_232
233,233,1,value1_233
234,234,1,value1_234
235,235,1,value1_235
236,236,1,value1_236
237,237,1,value1_237
238,238,1,value1_238
239,239,1,value1_239
240,240,1,value1_240
241,241,1,value1_241
242,242,1,value1_242
243,243,1,value1_243
244,244,1,value1_244
245,245,1,value1_245
246,246,1,value1_246
247,247,1,value1_247
248,248,1,value1_248
249,249,1,value1_249
250,250,1,value1_250
251,251,1,value1_251
252,252,1,value1_252
253,253,1,value1_253
254,254,1,value1_254
255,255,1,value1_255
256,256,1,value1_256
257,257,1,value1_257
258,258,1,value1_258
259,259,1,value1_259
260,260,1,value1_260
261,261,1,value1_261
262,262,1,value1_262
263,263,1,value1_263
264,264,1,value1_264
265,265,1,value1_265
266,266,1,value1_266
267,267,1,value1_267
268,268,1,value1_268
269,269,1,value1_269
270,270,1,value1_270
271,271,1,value1_271
272,272,1,value1_272
273,273,1,value1_273
274,274,1,value1_274
275,275,1,value1_275
276,276,1,value1_276
277,277,1,value1_277
278,278,1,value1_278
279,279,1,value1_279
280,280,1,value1_280
281,281,1,value1_281
282,282,1,value1_282
283,283,1,value1_283
284,284,1,value1_284
285,285,1,value1_285
286,286,1,value1_286
287,287,1,value1_287
288,288,1,value1_288
289,289,1,value1_289
290,290,1,value1_290
291,291,1,value1_291
292,292,1,value1_292
293,293,1,value1_293
294,294,1,value1_294
295,295,1,value1_295
296,296,1,value1_296
297,297,1,value1_297
298,298,1,value1_298
299,299,1,value1_299
300,300,1,value1_300
301,301,1,value1_301
302,302,1,value1_302
303,303,1,value1_303
304,304,1,value1_304
305,305,1,value1_305
306,306,1,value1_306
307,307,1,value1_307
308,308,1,value1_308
309,309,1,value1_309
310,310,1,value1_310
311,311,1,value1_311
312,312,1,value1_312
313,313,1,value1_313
314,314,1,value1_314
315,315,1,value1_315
316,316,1,value1_316
317,317,1,value1_317
318,318,1,value1_318
319,319,1,value1_319
320,320,1,value1_320
321,321,1,value1_321
322,322,1,value1_322
323,323,1,value1_323
324,324,1,value1_324
325,325,1,value1_325
326,326,1,value1_326
327,327,1,value1_327
328,328,1,value1_328
329,329,1,value1_329
330,330,1,value1_330
331,331,1,value1_331
332,332,1,value1_332
333,333,1,value1_333
334,334,1,value1_334
335,335,1,value1_335
336,336,1,value1_336
337,337,1,value1_337
338,338,1,value1_338
339,339,1,value1_339
340,340,1,value1_340
341,341,1,value1_341
342,342,1,value1_342
343,343,1,value1_343
344,344,1,value1_344
345,345,1,value1_345
346,346,1,value1_346
347,347,1,value1_347
348,348,1,value1_348
349,349,1,value1_349
350,350,1,value1_350
351,351,1,value1_351
352,352,1,value1_352
353,353,1,value1_353
354,354,1,value1_354
355,355,1,value1_355
356,356,1,value1_356
357,357,1,value1_357
358,358,1,value1_358
359,359,1,value1_359
360,360,1,value1_360
361,361,1,value1_361
362,362,1,value1_362
363,363,1,value1_363
364,364,1,value1_364
365,365,1,value1_365
366,366,1,value1_366
367,367,1,value1_367
368,368,1,value1_368
369,369,1,value1_369
370,370,1,value1_370
371,371,1,value1_371
372,372,1,value1_372
373,373,1,value1_373
374,374,1,value1_374
375,375,1,value1_375
376,376,1,value1_376
377,377,1,value1_377
378,378,1,value1_378
379,379,1,value1_379
380,380,1,value1_380
381,381,1,value1_381
382,382,1,value1_382
383,383,1,value1_383
384,384,1,value1_384
385,385,1,value1_385
386,386,1,value1_386
387,387,1,value1_387
388,388,1,value1_388
389,389,1,value1_389
390,390,1,value1_390
391,391,1,value1_391
392,392,1,value1_392
393,393,1,value1_393
394,394,1,value1_394
395,395,1,value1_395
396,396,1,value1_396
397,397,1,value1_397
398,398,1,value1_398
399,399,1,value1_399
400,400,1,value1_400
401,401,1,value1_401
402,402,1,value1_402
403,403,1,value1_403
404,404,1,value1_404
405,405,1,value1_405
406,406,1,value1_406
407,407,1,value1_407
408,408,1,value1_408
409,409,1,value1_409
410,410,1,value1_410
411,411,1,value1_411
412,412,1,value1_412
413,413,1,value1_413
414,414,1,value1_414
415,415,1,value1_415
416,416,1,value1_416
417,417,1,value1_417
418,418,1,value1_418
419,419,1,value1_419
420,420,1,value1_420
421,421,1,value1_421
422,422,1,value1_422
423,423,1,value1_423
424,424,1,value1_424
425,425,1,value1_425
426,426,1,value1_426
427,427,1,value1_427
428,428,1,value1_428
429,429,1,value1_429
430,430,1,value1_430
431,431,1,value1_431
432,432,1,value1_432
433,433,1,value1_433
434,434,1,value1_434
435,435,1,value1_435
436,436,1,value1_436
437,437,1,value1_437
438,438,1,value1_438
439,439,1,value1_439
440,440,1,value1_440
441,441,1,value1_441
442,442,1,value1_442
443,443,1,value1_443
444,444,1,value1_444
445,445,1,value1_445
446,446,1,value1_446
447,447,1,value1_447
448,448,1,value1_448
449,449,1,value1_449
450,450,1,value1_450
451,451,1,value1_451
452,452,1,value1_452
453,453,1,value1_453
454,454,1,value1_454
455,455,1,value1_455
456,456,1,value1_456
457,457,1,value1_457
458,458,1,value1_458
459,459,1,value1_459
460,460,1,value1_460
461,461,1,value1_461
462,462,1,value1_462
463,463,1,value1_463
464,464,1,value1_464
465,465,1,value1_465
466,466,1,value1_466
467,467,1,value1_467
468,468,1,value1_468
469,469,1,value1_469
470,470,1,value1_470
471,471,1,value1_471
472,472,1,value1_472
473,473,1,value1_473
474,474,1,value1_474
475,475,1,value1_475
476,476,1,value1_476
477,477,1,value1_477
478,478,1,value1_478
479,479,1,value1_479
480,480,1,value1_480
481,481,1,value1_481
482,482,1,value1_482
483,483,1,value1_483
484,484,1,value1_484
485,485,1,value1_485
486,486,1,value1_486
487,487,1,value1_487
488,488,1,value1_488
489,489,1,value1_489
490,490,1,value1_490
491,491,1,value1_491
492,492,1,value1_492
493,493,1,value1_493
494,494,1,value1_494
495,495,1,value1_495
496,496,1,value1_496
497,497,1,value1_497
498,498,1,value1_498
499,499,1,value1_499
500,500,1,value1_500
501,501,1,value1_501
502,502,1,value1_502
503,503,1,value1_503
504,504,1,value1_504
505,505,1,value1_505
506,506,1,value1_506
507,507,1,value1_507
508,508,1,value1_508
509,509,1,value1_509
510,510,1,value1_510
511,511,1,value1_511
512,512,1,value1_512
513,513,1,value1_513
514,514,1,value1_514
515,515,1,value1_515
516,516,1,value1_516
517,517,1,value1_517
518,518,1,value1_518
519,519,1,value1_519
520,520,1,value1_520
521,521,1,value1_521
522,522,1,value1_522
523,523,1,value1_523
524,524,1,value1_524
525,525,1,value1_525
526,526,1,value1_526
527,527,1,value1_527
528,528,1,value1_528
529,529,1,value1_529
530,530,1,value1_530
531,531,1,value1_531
532,532,1,value1_532
533,533,1,value1_533
534,534,1,value1_534
535,535,1,value1_535
536,536,1,value1_536
537,537,1,value1_537
538,538,1,value1_538
539,539,1,value1_539
540,540,1,value1_540
541,541,1,value1_541
542,542,1,value1_542
543,543,1,value1_543
544,544,1,value1_544
545,545,1,value1_545
546,546,1,value1_546
547,547,1,value1_547
548,548,1,value1_548
549,549,1,value1_549
550,550,1,value1_550
551,551,1,value1_551
552,552,1,value1_552
553,553,1,value1_553
554,554,1,value1_554
555,555,1,value1_555
556,556,1,value1_556
557,557,1,value1_557
558,558,1,value1_558
559,559,1,value1_559
560,560,1,value1_560
561,561,1,value1_561
562,562,1,value1_562
563,563,1,value1_563
564,564,1,value1_564
565,565,1,value1_565
566,566,1,value1_566
567,567,1,value1_567
568,568,1,value1_568
569,569,1,value1_569
570,570,1,value1_570
571,571,1,value1_571
572,572,1,value1_572
573,573,1,value1_573
574,574,1,value1_574
575,575,1,value1_575
576,576,1,value1_576
577,577,1,value1_577
578,578,1,value1_578
579,579,1,value1_579
580,580,1,value1_580
581,581,1,value1_581
582,582,1,value1_582
583,583,1,value1_583
584,584,1,value1_584
585,585,1,value1_585
586,586,1,value1_586
587,587,1,value1_587
588,588,1,value1_588
589,589,1,value1_589
590,590,1,value1_590
591,591,1,value1_591
592,592,1,value1_592
593,593,1,value1_593
594,594,1,value1_594
595,595,1,value1_595
596,596,1,value1_596
597,597,1,value1_597
598,598,1,value1_598
599,599,1,value1_599
600,600,1,value1_600
601,601,1,value1_601
602,602,1,value1_602
603,603,1,value1_603
604,604,1,value1_604
605,605,1,value1_605
606,606,1,value1_606
607,607,1,value1_607
608,608,1,value1_608
609,609,1,value1_609
610,610,1,value1_610
611,611,1,value1_611
612,612,1,value1_612
613,613,1,value1_613
614,614,1,value1_614
615,615,1,value1_615
616,616,1,value1_616
617,617,1,value1_617
618,618,1,value1_618
619,619,1,value1_619
620,620,1,value1_620
621,621,1,value1_621
622,622,1,value1_622
623,623,1,value1_623
624,624,1,value1_624
625,625,1,value1_625
626,626,1,value1_626
627,627,1,value1_627
628,628,1,value1_628
629,629,1,value1_629
630,630,1,value1_630
631,631,1,value1_631
632,632,1,value1_632
633,633,1,value1_633
634,634,1,value1_634
635,635,1,value1_635
636,636,1,value1_636
637,637,1,value1_637
638,638,1,value1_638
639,639,1,value1_639
640,640,1,value1_640
641,641,1,value1_641
642,642,1,value1_642
643,643,1,value1_643
644,644,1,value1_644
645,645,1,value1_645
646,646,1,value1_646
647,647,1,value1_647
648,648,1,value1_648
649,649,1,value1_649
650,650,1,value1_650
651,651,1,value1_651
652,652,1,value1_652
653,653,1,value1_653
654,654,1,value1_654
655,655,1,value1_655
656,656,1,value1_656
657,657,1,value1_657
658,658,1,value1_658
659,659,1,value1_659
660,660,1,value1_660
661,661,1,value1_661
662,662,1,value1_662
663,663,1,value1_663
664,664,1,value1_664
665,665,1,value1_665
666,666,1,value1_666
667,667,1,value1_667
668,668,1,value1_668
669,669,1,value1_669
670,670,1,value1_670
671,671,1,value1_671
672,672,1,value1_672
673,673,1,value1_673
674,674,1,value1_674
675,675,1,value1_675
676,676,1,value1_676
677,677,1,value1_677
678,678,1,value1_678
679,679,1,value1_679
680,680,1,value1_680
681,681,1,value1_681
682,682,1,value1_682
683,683,1,value1_683
684,684,1,value1_684
685,685,1,value1_685
686,686,1,value1_686
687,687,1,value1_687
688,688,1,value1_688
689,689,1,value1_689
690,690,1,value1_690
691,691,1,value1_691
692,692,1,value1_692
693,693,1,value1_693
694,694,1,value1_694
695,695,1,value1_695
696,696,1,value1_696
697,697,1,value1_697
698,698,1,value1_698
699,699,1,value1_699
700,700,1,value1_700
701,701,1,value1_701
702,702,1,value1_702
703,703,1,value1_703
704,704,1,value1_704
705,705,1,value1_705
706,706,1,value1_706
707,707,1,value1_707
708,708,1,value1_708
709,709,1,value1_709
710,710,1,value1_710
711,711,1,value1_711
712,712,1,value1_712
713,713,1,value1_713
714,714,1,value1_714
715,715,1,value1_715
716,716,1,value1_716
717,717,1,value1_717
718,718,1,value1_718
719,719,1,value1_719
720,720,1,value1_720
721,721,1,value1_721
722,722,1,value1_722
723,723,1,value1_723
724,724,1,value1_724
725,725,1,value1_725
726,726,1,value1_726
727,727,1,value1_727
728,728,1,value1_728
729,729,1,value1_729
730,730,1,value1_730
731,731,1,value1_731
732,732,1,value1_732
733,733,1,value1_733
734,734,1,value1_734
735,735,1,value1_735
736,736,1,value1_736
737,737,1,value1_737
738,738,1,value1_738
739,739,1,value1_739
740,740,1,value1_740
741,741,1,value1_741
742,742,1,value1_742
743,743,1,value1_743
744,744,1,value1_744
745,745,1,value1_745
746,746,1,value1_746
747,747,1,value1_747
748,748,1,value1_748
749,749,1,value1_749
750,750,1,value1_750
751,751,1,value1_751
752,752,1,value1_752
753,753,1,value1_753
754,754,1,value1_754
755,755,1,value1_755
756,756,1,value1_756
757,757,1,value1_757
758,758,1,value1_758
759,759,1,value1_759
760,760,1,value1_760
761,761,1,value1_761
762,762,1,value1_762
763,763,1,value1_763
764,764,1,value1_764
765,765,1,value1_765
766,766,1,value1_766
767,767,1,value1_767
768,768,1,value1_768
769,769,1,value1_769
770,770,1,value1_770
771,771,1,value1_771
772,772,1,value1_772
773,773,1,value1_773
774,774,1,value1_774
775,775,1,value1_775
776,776,1,value1_776
777,777,1,value1_777
778,778,1,value1_778
779,779,1,value1_779
780,780,1,value1_780
781,781,1,value1_781
782,782,1,value1_782
783,783,1,value1_783
784,784,1,value1_784
785,785,1,value1_785
786,786,1,value1_786
787,787,1,value1_787
788,788,1,value1_788
789,789,1,value1_789
790,790,1,value1_790
791,791,1,value1_791
792,792,1,value1_792
793,793,1,value1_793
794,794,1,value1_794
795,795,1,value1_795
796,796,1,value1_796
797,797,1,value1_797
798,798,1,value1_798
799,799,1,value1_799
800,800,1,value1_800
801,801,1,value1_801
802,802,1,value1_802
803,803,1,value1_803
804,804,1,value1_804
805,805,1,value1_805
806,806,1,value1_806
807,807,1,value1_807
808,808,1,value1_808
809,809,1,value1_809
810,810,1,value1_810
811,811,1,value1_811
812,812,1,value1_812
813,813,1,value1_813
814,814,1,value1_814
815,815,1,value1_815
816,816,1,value1_816
817,817,1,value1_817
818,818,1,value1_818
819,819,1,value1_819
820,820,1,value1_820
821,821,1,value1_821
822,822,1,value1_822
823,823,1,value1_823
824,824,1,value1_824
825,825,1,value1_825
826,826,1,value1_826
827,827,1,value1_827
828,828,1,value1_828
829,829,1,value1_829
830,830,1,value1_830
831,831,1,value1_831
832,832,1,value1_832
833,833,1,value1_833
834,834,1,value1_834
835,835,1,value1_835
836,836,1,value1_836
837,837,1,value1_837
838,838,1,value1_838
839,839,1,value1_839
840,840,1,value1_840
841,841,1,value1_841
842,842,1,value1_842
843,843,1,value1_843
844,844,1,value1_844
845,845,1,value1_845
846,846,1,value1_846
847,847,1,value1_847
848,848,1,value1_848
849,849,1,value1_849
850,850,1,value1_850
851,851,1,value1_851
852,852,1,value1_852
853,853,1,value1_853
854,854,1,value1_854
855,855,1,value1_855
856,856,1,value1_856
857,857,1,value1_857
858,858,1,value1_858
859,859,1,value1_859
860,860,1,value1_860
861,861,1,value1_861
862,862,1,value1_862
863,863,1,value1_863
864,864,1,value1_864
865,865,1,value1_865
866,866,1,value1_866
867,867,1,value1_867
868,868,1,value1_868
869,869,1,value1_869
870,870,1,value1_870
871,871,1,value1_871
872,872,1,value1_872
873,873,1,value1_873
874,874,1,value1_874
875,875,1,value1_875
876,876,1,value1_876
877,877,1,value1_877
878,878,1,value1_878
879,879,1,value1_879
880,880,1,value1_880
881,881,1,value1_881
882,882,1,value1_882
883,883,1,value1_883
884,884,1,value1_884
885,885,1,value1_885
886,886,1,value1_886
887,887,1,value1_887
888,888,1,value1_888
889,889,1,value1_889
890,890,1,value1_890
891,891,1,value1_891
892,892,1,value1_892
893,893,1,value1_893
894,894,1,value1_894
895,895,1,value1_895
896,896,1,value1_896
897,897,1,value1_897
898,898,1,value1_898
899,899,1,value1_899
900,900,1,value1_900
901,901,1,value1_901
902,902,1,value1_902
903,903,1,value1_903
904,904,1,value1_904
905,905,1,value1_905
906,906,1,value1_906
907,907,1,value1_907
908,908,1,value1_908
909,909,1,value1_909
910,910,1,value1_910
911,911,1,value1_911
912,912,1,value1_912
913,913,1,value1_913
914,914,1,value1_914
915,915,1,value1_915
916,916,1,value1_916
917,917,1,value1_917
918,918,1,value1_918
919,919,1,value1_919
920,920,1,value1_920
921,921,1,value1_921
922,922,1,value1_922
923,923,1,value1_923
924,924,1,value1_924
925,925,1,value1_925
926,926,1,value1_926
927,927,1,value1_927
928,928,1,value1_928
929,929,1,value1_929
930,930,1,value1_930
931,931,1,value1_931
932,932,1,value1_932
933,933,1,value1_933
934,934,1,value1_934
935,935,1,value1_935
936,936,1,value1_936
937,937,1,value1_937
938,938,1,value1_938
939,939,1,value1_939
940,940,1,value1_940
941,941,1,value1_941
942,942,1,value1_942
943,943,1,value1_943
944,944,1,value1_944
945,945,1,value1_945
946,946,1,value1_946
947,947,1,value1_947
948,948,1,value1_948
949,949,1,value1_949
950,950,1,value1_950
951,951,1,value1_951
952,952,1,value1_952
953,953,1,value1_953
954,954,1,value1_954
955,955,1,value1_955
956,956,1,value1_956
957,957,1,value1_957
958,958,1,value1_958
959,959,1,value1_959
960,960,1,value1_960
961,961,1,value1_961
962,962,1,value1_962
963,963,1,value1_963
964,964,1,value1_964
965,965,1,value1_965
966,966,1,value1_966
967,967,1,value1_967
968,968,1,value1_968
969,969,1,value1_969
970,970,1,value1_970
971,971,1,value1_971
972,972,1,value1_972
973,973,1,value1_973
974,974,1,value1_974
975,975,1,value1_975
976,976,1,value1_976
977,977,1,value1_977
978,978,1,value1_978
979,979,1,value1_979
980,980,1,value1_980
981,981,1,value1_981
982,982,1,value1_982
983,983,1,value1_983
984,984,1,value1_984
985,985,1,value1_985
986,986,1,value1_986
987,987,1,value1_987
988,988,1,value1_988
989,989,1,value1_989
990,990,1,value1_990
991,991,1,value1_991
992,992,1,value1_992
993,993,1,value1_993
994,994,1,value1_994
995,995,1,value1_995
996,996,1,value1_996
997,997,1,value1_997
998,998,1,value1_998
999,999,1,value1_999
1000,1000,1,value1_1000
